created,outcome,resolved
2026-07-09,done,2026-09-16
2026-07-09,open,
2026-07-09,done,2026-09-16
2026-07-09,done,2026-09-16
2026-07-09,open,
2026-07-09,done,2026-08-14
2026-07-09,done,2026-08-18
2026-07-09,done,2026-08-17
2026-07-09,done,2026-08-17
2026-07-09,done,2026-08-17
2026-07-09,done,2026-08-18
2026-07-09,done,2026-08-17
2026-07-09,done,2026-08-25
2026-07-09,done,2026-09-01
2026-07-09,done,2026-08-18
2026-07-09,done,2026-08-18
2026-07-09,done,2026-08-25
2026-07-09,done,2026-08-25
2026-07-09,done,2026-08-25
2026-07-09,done,2026-08-29
2026-07-09,done,2026-08-29
2026-07-09,done,2026-07-09
2026-07-09,done,2026-08-17
2026-07-09,done,2026-08-16
2026-07-09,done,2026-08-16
2026-07-09,discarded,2026-08-25
2026-07-09,done,2026-08-29
2026-07-09,done,2026-08-29
2026-07-09,done,2026-08-20
2026-07-09,done,2026-08-29
2026-07-09,open,
2026-07-09,open,
2026-07-09,done,2026-08-17
2026-07-09,open,
2026-07-09,open,
2026-07-09,done,2026-09-16
2026-07-09,open,
2026-07-09,done,2026-07-09
2026-07-09,done,2026-08-17
2026-07-09,done,2026-07-09
2026-07-09,done,2026-08-18
2026-07-09,discarded,2026-08-16
2026-07-09,done,2026-09-01
2026-07-09,done,2026-08-18
2026-07-09,done,2026-08-21
2026-07-09,open,
2026-07-09,done,2026-07-09
2026-07-09,open,
2026-07-09,done,2026-08-16
2026-07-09,discarded,2026-07-09
2026-07-09,done,2026-09-01
2026-07-09,done,2026-08-17
2026-07-09,done,2026-08-17
2026-07-09,done,2026-08-17
2026-07-10,done,2026-08-22
2026-08-11,done,2026-09-02
2026-08-11,done,2026-08-12
2026-08-12,open,
2026-08-12,done,2026-08-26
2026-08-12,done,2026-08-19
2026-08-13,done,2026-09-01
2026-08-13,done,2026-08-17
2026-08-13,done,2026-08-17
2026-08-13,done,2026-08-17
2026-08-13,done,2026-08-17
2026-08-13,done,2026-08-18
2026-08-13,done,2026-08-17
2026-08-13,done,2026-08-17
2026-08-14,done,2026-08-17
2026-08-14,done,2026-08-19
2026-08-14,done,2026-08-18
2026-08-14,done,2026-08-16
2026-08-14,done,2026-08-16
2026-08-14,done,2026-08-17
2026-08-16,done,2026-08-19
2026-08-16,done,2026-08-29
2026-08-16,done,2026-08-29
2026-08-16,discarded,2026-08-18
2026-08-16,done,2026-08-21
2026-08-17,done,2026-08-20
2026-08-17,done,2026-08-20
2026-08-17,done,2026-08-20
2026-08-17,done,2026-08-20
2026-08-17,done,2026-08-20
2026-08-18,done,2026-09-02
2026-08-18,open,
2026-08-18,done,2026-08-21
2026-08-18,done,2026-08-21
2026-08-18,open,
2026-08-18,done,2026-08-21
2026-08-18,done,2026-09-01
2026-08-18,done,2026-09-02
2026-08-18,done,2026-08-21
2026-08-18,done,2026-08-21
2026-08-18,done,2026-08-25
2026-08-18,done,2026-08-25
2026-08-18,done,2026-08-25
2026-08-19,done,2026-08-22
2026-08-19,done,2026-08-25
2026-08-19,done,2026-08-28
2026-08-19,done,2026-08-28
2026-08-19,done,2026-08-28
2026-08-19,done,2026-08-25
2026-08-19,done,2026-08-25
2026-08-19,done,2026-08-29
2026-08-19,done,2026-08-22
2026-08-19,done,2026-08-25
2026-08-19,discarded,2026-08-20
2026-08-20,done,2026-08-22
2026-08-20,done,2026-08-22
2026-08-20,done,2026-08-31
2026-08-20,done,2026-08-25
2026-08-20,done,2026-08-25
2026-08-20,done,2026-08-25
2026-08-20,done,2026-08-28
2026-08-20,done,2026-08-29
2026-08-20,done,2026-08-29
2026-08-20,done,2026-08-25
2026-08-20,done,2026-08-28
2026-08-20,done,2026-08-28
2026-08-21,done,2026-08-28
2026-08-21,done,2026-09-01
2026-08-21,done,2026-08-25
2026-08-21,done,2026-08-25
2026-08-21,done,2026-08-25
2026-08-21,done,2026-08-25
2026-08-21,done,2026-08-25
2026-08-21,done,2026-08-25
2026-08-21,done,2026-08-25
2026-08-21,done,2026-08-25
2026-08-21,done,2026-08-25
2026-08-21,done,2026-08-23
2026-08-21,done,2026-08-23
2026-08-21,done,2026-08-23
2026-08-21,done,2026-08-28
2026-08-21,done,2026-08-28
2026-08-21,done,2026-08-28
2026-08-21,done,2026-08-29
2026-08-21,done,2026-09-16
2026-08-21,done,2026-08-28
2026-08-21,done,2026-08-28
2026-08-21,done,2026-08-28
2026-08-21,done,2026-08-28
2026-08-21,done,2026-08-28
2026-08-21,done,2026-08-28
2026-08-21,done,2026-08-28
2026-08-21,done,2026-08-28
2026-08-21,done,2026-08-28
2026-08-21,discarded,2026-09-01
2026-08-21,done,2026-08-28
2026-08-21,done,2026-08-29
2026-08-21,done,2026-08-25
2026-08-21,done,2026-08-22
2026-08-22,open,
2026-08-22,done,2026-09-02
2026-08-22,done,2026-08-28
2026-08-22,done,2026-08-28
2026-08-22,discarded,2026-09-01
2026-08-22,done,2026-08-28
2026-08-23,discarded,2026-08-24
2026-08-23,open,
2026-08-23,open,
2026-08-23,done,2026-08-24
2026-08-24,done,2026-08-28
2026-08-24,discarded,2026-08-28
2026-08-24,done,2026-08-28
2026-08-24,done,2026-08-28
2026-08-24,done,2026-08-28
2026-08-24,done,2026-08-30
2026-08-24,done,2026-08-28
2026-08-24,done,2026-08-29
2026-08-25,open,
2026-08-25,done,2026-09-02
2026-08-25,discarded,2026-09-01
2026-08-25,done,2026-09-02
2026-08-25,done,2026-09-02
2026-08-26,done,2026-08-28
2026-08-26,done,2026-08-28
2026-08-26,done,2026-08-28
2026-08-26,discarded,2026-09-01
2026-08-26,done,2026-08-28
2026-08-26,done,2026-09-02
2026-08-26,done,2026-09-02
2026-08-26,done,2026-08-28
2026-08-26,done,2026-08-28
2026-08-27,done,2026-08-28
2026-08-28,done,2026-09-01
2026-08-29,done,2026-09-02
2026-08-29,done,2026-09-02
2026-08-29,done,2026-09-02
2026-08-29,done,2026-09-16
2026-08-29,done,2026-09-02
2026-08-29,discarded,2026-09-01
2026-08-29,done,2026-09-02
2026-08-30,done,2026-09-16
2026-08-30,open,
2026-08-30,open,
2026-08-30,done,2026-09-16
2026-09-01,done,2026-09-13
2026-09-02,done,2026-09-13
2026-09-02,done,2026-09-13
2026-09-02,done,2026-09-13
2026-09-02,open,
2026-09-02,done,2026-09-16
2026-09-02,done,2026-09-13
2026-09-02,done,2026-09-13
2026-09-02,done,2026-09-16
2026-09-02,done,2026-09-13
2026-09-02,done,2026-09-13
2026-09-03,open,
2026-09-03,done,2026-09-13
2026-09-03,done,2026-09-13
2026-09-03,done,2026-09-13
2026-09-03,done,2026-09-13
2026-09-03,done,2026-09-13
2026-09-03,done,2026-09-16
2026-09-03,done,2026-09-16
2026-09-03,done,2026-09-13
2026-09-03,done,2026-09-16
2026-09-03,done,2026-09-16
2026-09-03,done,2026-09-16
2026-09-03,done,2026-09-16
2026-09-03,open,
2026-09-03,done,2026-09-15
2026-09-03,done,2026-09-16
2026-09-03,done,2026-09-16
2026-09-03,done,2026-09-16
2026-09-12,done,2026-09-13
2026-09-12,done,2026-09-16
2026-09-12,done,2026-09-15
2026-09-13,done,2026-09-16
2026-09-13,done,2026-09-16
2026-09-13,done,2026-09-16
2026-09-13,done,2026-09-16
2026-09-13,open,
2026-09-13,done,2026-09-16
2026-09-13,done,2026-09-15
2026-09-13,done,2026-09-16
2026-09-13,open,
2026-09-13,done,2026-09-15
2026-09-13,done,2026-09-16
2026-09-13,done,2026-09-16
2026-09-13,open,
2026-09-13,done,2026-09-16
2026-09-13,done,2026-09-16
2026-09-13,done,2026-09-16
2026-09-13,done,2026-09-16
2026-09-13,done,2026-09-17
2026-09-13,done,2026-09-16
2026-09-13,open,
2026-09-13,done,2026-09-16
2026-09-13,done,2026-09-17
2026-09-13,done,2026-09-17
2026-09-13,open,
2026-09-13,done,2026-09-16
2026-09-13,done,2026-09-16
2026-09-13,open,
2026-09-13,done,2026-09-15
2026-09-13,done,2026-09-15
2026-09-13,open,
2026-09-13,done,2026-09-15
2026-09-14,open,
2026-09-14,done,2026-09-16
2026-09-14,open,
2026-09-14,open,
2026-09-15,open,
2026-09-15,open,
2026-09-15,done,2026-09-15
2026-09-15,open,
2026-09-15,done,2026-09-15
2026-09-15,open,
2026-09-15,open,
2026-09-15,open,
2026-09-16,open,
2026-09-16,open,
2026-09-16,open,
2026-09-16,open,
2026-09-16,open,
2026-09-16,open,
2026-09-16,open,
2026-09-16,open,
2026-09-16,open,
2026-09-16,open,
2026-09-17,open,
